<?xml version="1.0" encoding="UTF-8" standalone="no"?>
<raConfiguration version="9">
  <generalSettings>
    <option key="#Board#" value="board.rzn2lcustom.xspi0_x1"/>
    <option key="CPU" value="RZN2L"/>
    <option key="Core" value="CR52_0"/>
    <option key="#TargetName#" value="R9A07G084M04GBG"/>
    <option key="#TargetARCHITECTURE#" value="cortex-r52"/>
    <option key="#DeviceCommand#" value="R9A07G084M04"/>
    <option key="#RTOS#" value="_none"/>
    <option key="#pinconfiguration#" value="R9A07G084M04GBG.pincfg"/>
    <option key="#FSPVersion#" value="2.0.0"/>
    <option key="#SELECTED_TOOLCHAIN#" value="iar.arm.toolchain"/>
  </generalSettings>
  <raBspConfiguration>
    <config id="config.board.rzn2lcustom.xspi0_x1">
      <property id="config.board.cache_flg" value="0x00000000"/>
      <property id="config.board.wrapcfg_v" value="0x00000000"/>
      <property id="config.board.comcfg_v" value="0x00000000"/>
      <property id="config.board.bmcfg_v" value="0x00000000"/>
      <property id="config.board.xspi_flg" value="0x00000000"/>
      <property id="config.board.ldr_addr_nml" value="0x6000004C"/>
      <property id="config.board.ldr_size_nml" value="0x00006000"/>
      <property id="config.board.dest_addr_nml" value="0x00102000"/>
      <property id="config.board.cssctl_v" value="0x0000003F"/>
      <property id="config.board.liocfgcs0_v" value="0x00070000"/>
      <property id="config.board.access_speed" value="0x00000006"/>
      <property id="config.board.check_sum" value="Auto Calculate."/>
    </config>
    <config id="config.bsp.rzn2l.R9A07G084M04GBG">
      <property id="config.bsp.part_number" value="config.bsp.part_number.value"/>
      <property id="config.bsp.atcm_size_bytes" value="config.bsp.atcm_size_bytes.value"/>
      <property id="config.bsp.btcm_size_bytes" value="config.bsp.btcm_size_bytes.value"/>
      <property id="config.bsp.system_ram_size_bytes" value="config.bsp.system_ram_size_bytes.value"/>
      <property id="config.bsp.package_style" value="config.bsp.package_style.value"/>
      <property id="config.bsp.package_pins" value="config.bsp.package_pins.value"/>
      <property id="config.bsp.cpu" value="config.bsp.cpu.cpu0"/>
    </config>
    <config id="config.bsp.rzn2l.cr520_mpu">
      <property id="config.bsp.fsp.mpu0_read_reg0" value="config.bsp.fsp.mpu0_read_reg0.disabled"/>
      <property id="config.bsp.fsp.mpu0_write_reg0" value="config.bsp.fsp.mpu0_write_reg0.disabled"/>
      <property id="config.bsp.fsp.mpu0_reg0_start" value="0x00000000"/>
      <property id="config.bsp.fsp.mpu0_reg0_end" value="0x00000C00"/>
      <property id="config.bsp.fsp.mpu0_read_reg1" value="config.bsp.fsp.mpu0_read_reg1.disabled"/>
      <property id="config.bsp.fsp.mpu0_write_reg1" value="config.bsp.fsp.mpu0_write_reg1.disabled"/>
      <property id="config.bsp.fsp.mpu0_reg1_start" value="0x00000000"/>
      <property id="config.bsp.fsp.mpu0_reg1_end" value="0x00000C00"/>
      <property id="config.bsp.fsp.mpu0_read_reg2" value="config.bsp.fsp.mpu0_read_reg2.disabled"/>
      <property id="config.bsp.fsp.mpu0_write_reg2" value="config.bsp.fsp.mpu0_write_reg2.disabled"/>
      <property id="config.bsp.fsp.mpu0_reg2_start" value="0x00000000"/>
      <property id="config.bsp.fsp.mpu0_reg2_end" value="0x00000C00"/>
      <property id="config.bsp.fsp.mpu0_read_reg3" value="config.bsp.fsp.mpu0_read_reg3.disabled"/>
      <property id="config.bsp.fsp.mpu0_write_reg3" value="config.bsp.fsp.mpu0_write_reg3.disabled"/>
      <property id="config.bsp.fsp.mpu0_reg3_start" value="0x00000000"/>
      <property id="config.bsp.fsp.mpu0_reg3_end" value="0x00000C00"/>
      <property id="config.bsp.fsp.mpu0_read_reg4" value="config.bsp.fsp.mpu0_read_reg4.disabled"/>
      <property id="config.bsp.fsp.mpu0_write_reg4" value="config.bsp.fsp.mpu0_write_reg4.disabled"/>
      <property id="config.bsp.fsp.mpu0_reg4_start" value="0x00000000"/>
      <property id="config.bsp.fsp.mpu0_reg4_end" value="0x00000C00"/>
      <property id="config.bsp.fsp.mpu0_read_reg5" value="config.bsp.fsp.mpu0_read_reg5.disabled"/>
      <property id="config.bsp.fsp.mpu0_write_reg5" value="config.bsp.fsp.mpu0_write_reg5.disabled"/>
      <property id="config.bsp.fsp.mpu0_reg5_start" value="0x00000000"/>
      <property id="config.bsp.fsp.mpu0_reg5_end" value="0x00000C00"/>
      <property id="config.bsp.fsp.mpu0_read_reg6" value="config.bsp.fsp.mpu0_read_reg6.disabled"/>
      <property id="config.bsp.fsp.mpu0_write_reg6" value="config.bsp.fsp.mpu0_write_reg6.disabled"/>
      <property id="config.bsp.fsp.mpu0_reg6_start" value="0x00000000"/>
      <property id="config.bsp.fsp.mpu0_reg6_end" value="0x00000C00"/>
      <property id="config.bsp.fsp.mpu0_read_reg7" value="config.bsp.fsp.mpu0_read_reg7.disabled"/>
      <property id="config.bsp.fsp.mpu0_write_reg7" value="config.bsp.fsp.mpu0_write_reg7.disabled"/>
      <property id="config.bsp.fsp.mpu0_reg7_start" value="0x00000000"/>
      <property id="config.bsp.fsp.mpu0_reg7_end" value="0x00000C00"/>
      <property id="config.bsp.fsp.mpu1_read_reg0" value="config.bsp.fsp.mpu1_read_reg0.disabled"/>
      <property id="config.bsp.fsp.mpu1_write_reg0" value="config.bsp.fsp.mpu1_write_reg0.disabled"/>
      <property id="config.bsp.fsp.mpu1_reg0_start" value="0x00000000"/>
      <property id="config.bsp.fsp.mpu1_reg0_end" value="0x00000C00"/>
      <property id="config.bsp.fsp.mpu1_read_reg1" value="config.bsp.fsp.mpu1_read_reg1.disabled"/>
      <property id="config.bsp.fsp.mpu1_write_reg1" value="config.bsp.fsp.mpu1_write_reg1.disabled"/>
      <property id="config.bsp.fsp.mpu1_reg1_start" value="0x00000000"/>
      <property id="config.bsp.fsp.mpu1_reg1_end" value="0x00000C00"/>
      <property id="config.bsp.fsp.mpu1_read_reg2" value="config.bsp.fsp.mpu1_read_reg2.disabled"/>
      <property id="config.bsp.fsp.mpu1_write_reg2" value="config.bsp.fsp.mpu1_write_reg2.disabled"/>
      <property id="config.bsp.fsp.mpu1_reg2_start" value="0x00000000"/>
      <property id="config.bsp.fsp.mpu1_reg2_end" value="0x00000C00"/>
      <property id="config.bsp.fsp.mpu1_read_reg3" value="config.bsp.fsp.mpu1_read_reg3.disabled"/>
      <property id="config.bsp.fsp.mpu1_write_reg3" value="config.bsp.fsp.mpu1_write_reg3.disabled"/>
      <property id="config.bsp.fsp.mpu1_reg3_start" value="0x00000000"/>
      <property id="config.bsp.fsp.mpu1_reg3_end" value="0x00000C00"/>
      <property id="config.bsp.fsp.mpu1_read_reg4" value="config.bsp.fsp.mpu1_read_reg4.disabled"/>
      <property id="config.bsp.fsp.mpu1_write_reg4" value="config.bsp.fsp.mpu1_write_reg4.disabled"/>
      <property id="config.bsp.fsp.mpu1_reg4_start" value="0x00000000"/>
      <property id="config.bsp.fsp.mpu1_reg4_end" value="0x00000C00"/>
      <property id="config.bsp.fsp.mpu1_read_reg5" value="config.bsp.fsp.mpu1_read_reg5.disabled"/>
      <property id="config.bsp.fsp.mpu1_write_reg5" value="config.bsp.fsp.mpu1_write_reg5.disabled"/>
      <property id="config.bsp.fsp.mpu1_reg5_start" value="0x00000000"/>
      <property id="config.bsp.fsp.mpu1_reg5_end" value="0x00000C00"/>
      <property id="config.bsp.fsp.mpu1_read_reg6" value="config.bsp.fsp.mpu1_read_reg6.disabled"/>
      <property id="config.bsp.fsp.mpu1_write_reg6" value="config.bsp.fsp.mpu1_write_reg6.disabled"/>
      <property id="config.bsp.fsp.mpu1_reg6_start" value="0x00000000"/>
      <property id="config.bsp.fsp.mpu1_reg6_end" value="0x00000C00"/>
      <property id="config.bsp.fsp.mpu1_read_reg7" value="config.bsp.fsp.mpu1_read_reg7.disabled"/>
      <property id="config.bsp.fsp.mpu1_write_reg7" value="config.bsp.fsp.mpu1_write_reg7.disabled"/>
      <property id="config.bsp.fsp.mpu1_reg7_start" value="0x00000000"/>
      <property id="config.bsp.fsp.mpu1_reg7_end" value="0x00000C00"/>
      <property id="config.bsp.fsp.mpu2_read_reg0" value="config.bsp.fsp.mpu2_read_reg0.disabled"/>
      <property id="config.bsp.fsp.mpu2_write_reg0" value="config.bsp.fsp.mpu2_write_reg0.disabled"/>
      <property id="config.bsp.fsp.mpu2_reg0_start" value="0x00000000"/>
      <property id="config.bsp.fsp.mpu2_reg0_end" value="0x00000C00"/>
      <property id="config.bsp.fsp.mpu2_read_reg1" value="config.bsp.fsp.mpu2_read_reg1.disabled"/>
      <property id="config.bsp.fsp.mpu2_write_reg1" value="config.bsp.fsp.mpu2_write_reg1.disabled"/>
      <property id="config.bsp.fsp.mpu2_reg1_start" value="0x00000000"/>
      <property id="config.bsp.fsp.mpu2_reg1_end" value="0x00000C00"/>
      <property id="config.bsp.fsp.mpu2_read_reg2" value="config.bsp.fsp.mpu2_read_reg2.disabled"/>
      <property id="config.bsp.fsp.mpu2_write_reg2" value="config.bsp.fsp.mpu2_write_reg2.disabled"/>
      <property id="config.bsp.fsp.mpu2_reg2_start" value="0x00000000"/>
      <property id="config.bsp.fsp.mpu2_reg2_end" value="0x00000C00"/>
      <property id="config.bsp.fsp.mpu2_read_reg3" value="config.bsp.fsp.mpu2_read_reg3.disabled"/>
      <property id="config.bsp.fsp.mpu2_write_reg3" value="config.bsp.fsp.mpu2_write_reg3.disabled"/>
      <property id="config.bsp.fsp.mpu2_reg3_start" value="0x00000000"/>
      <property id="config.bsp.fsp.mpu2_reg3_end" value="0x00000C00"/>
      <property id="config.bsp.fsp.mpu2_read_reg4" value="config.bsp.fsp.mpu2_read_reg4.disabled"/>
      <property id="config.bsp.fsp.mpu2_write_reg4" value="config.bsp.fsp.mpu2_write_reg4.disabled"/>
      <property id="config.bsp.fsp.mpu2_reg4_start" value="0x00000000"/>
      <property id="config.bsp.fsp.mpu2_reg4_end" value="0x00000C00"/>
      <property id="config.bsp.fsp.mpu2_read_reg5" value="config.bsp.fsp.mpu2_read_reg5.disabled"/>
      <property id="config.bsp.fsp.mpu2_write_reg5" value="config.bsp.fsp.mpu2_write_reg5.disabled"/>
      <property id="config.bsp.fsp.mpu2_reg5_start" value="0x00000000"/>
      <property id="config.bsp.fsp.mpu2_reg5_end" value="0x00000C00"/>
      <property id="config.bsp.fsp.mpu2_read_reg6" value="config.bsp.fsp.mpu2_read_reg6.disabled"/>
      <property id="config.bsp.fsp.mpu2_write_reg6" value="config.bsp.fsp.mpu2_write_reg6.disabled"/>
      <property id="config.bsp.fsp.mpu2_reg6_start" value="0x00000000"/>
      <property id="config.bsp.fsp.mpu2_reg6_end" value="0x00000C00"/>
      <property id="config.bsp.fsp.mpu2_read_reg7" value="config.bsp.fsp.mpu2_read_reg7.disabled"/>
      <property id="config.bsp.fsp.mpu2_write_reg7" value="config.bsp.fsp.mpu2_write_reg7.disabled"/>
      <property id="config.bsp.fsp.mpu2_reg7_start" value="0x00000000"/>
      <property id="config.bsp.fsp.mpu2_reg7_end" value="0x00000C00"/>
      <property id="config.bsp.fsp.mpu3_read_reg0" value="config.bsp.fsp.mpu3_read_reg0.disabled"/>
      <property id="config.bsp.fsp.mpu3_write_reg0" value="config.bsp.fsp.mpu3_write_reg0.disabled"/>
      <property id="config.bsp.fsp.mpu3_reg0_start" value="0x00000000"/>
      <property id="config.bsp.fsp.mpu3_reg0_end" value="0x00000000"/>
      <property id="config.bsp.fsp.mpu3_read_reg1" value="config.bsp.fsp.mpu3_read_reg1.disabled"/>
      <property id="config.bsp.fsp.mpu3_write_reg1" value="config.bsp.fsp.mpu3_write_reg1.disabled"/>
      <property id="config.bsp.fsp.mpu3_reg1_start" value="0x00000000"/>
      <property id="config.bsp.fsp.mpu3_reg1_end" value="0x00000000"/>
      <property id="config.bsp.fsp.mpu3_read_reg2" value="config.bsp.fsp.mpu3_read_reg2.disabled"/>
      <property id="config.bsp.fsp.mpu3_write_reg2" value="config.bsp.fsp.mpu3_write_reg2.disabled"/>
      <property id="config.bsp.fsp.mpu3_reg2_start" value="0x00000000"/>
      <property id="config.bsp.fsp.mpu3_reg2_end" value="0x00000000"/>
      <property id="config.bsp.fsp.mpu3_read_reg3" value="config.bsp.fsp.mpu3_read_reg3.disabled"/>
      <property id="config.bsp.fsp.mpu3_write_reg3" value="config.bsp.fsp.mpu3_write_reg3.disabled"/>
      <property id="config.bsp.fsp.mpu3_reg3_start" value="0x00000000"/>
      <property id="config.bsp.fsp.mpu3_reg3_end" value="0x00000000"/>
      <property id="config.bsp.fsp.mpu3_read_reg4" value="config.bsp.fsp.mpu3_read_reg4.disabled"/>
      <property id="config.bsp.fsp.mpu3_write_reg4" value="config.bsp.fsp.mpu3_write_reg4.disabled"/>
      <property id="config.bsp.fsp.mpu3_reg4_start" value="0x00000000"/>
      <property id="config.bsp.fsp.mpu3_reg4_end" value="0x00000000"/>
      <property id="config.bsp.fsp.mpu3_read_reg5" value="config.bsp.fsp.mpu3_read_reg5.disabled"/>
      <property id="config.bsp.fsp.mpu3_write_reg5" value="config.bsp.fsp.mpu3_write_reg5.disabled"/>
      <property id="config.bsp.fsp.mpu3_reg5_start" value="0x00000000"/>
      <property id="config.bsp.fsp.mpu3_reg5_end" value="0x00000000"/>
      <property id="config.bsp.fsp.mpu3_read_reg6" value="config.bsp.fsp.mpu3_read_reg6.disabled"/>
      <property id="config.bsp.fsp.mpu3_write_reg6" value="config.bsp.fsp.mpu3_write_reg6.disabled"/>
      <property id="config.bsp.fsp.mpu3_reg6_start" value="0x00000000"/>
      <property id="config.bsp.fsp.mpu3_reg6_end" value="0x00000000"/>
      <property id="config.bsp.fsp.mpu3_read_reg7" value="config.bsp.fsp.mpu3_read_reg7.disabled"/>
      <property id="config.bsp.fsp.mpu3_write_reg7" value="config.bsp.fsp.mpu3_write_reg7.disabled"/>
      <property id="config.bsp.fsp.mpu3_reg7_start" value="0x00000000"/>
      <property id="config.bsp.fsp.mpu3_reg7_end" value="0x00000000"/>
      <property id="config.bsp.fsp.mpu4_read_reg0" value="config.bsp.fsp.mpu4_read_reg0.disabled"/>
      <property id="config.bsp.fsp.mpu4_write_reg0" value="config.bsp.fsp.mpu4_write_reg0.disabled"/>
      <property id="config.bsp.fsp.mpu4_reg0_start" value="0x00000000"/>
      <property id="config.bsp.fsp.mpu4_reg0_end" value="0x00000000"/>
      <property id="config.bsp.fsp.mpu4_read_reg1" value="config.bsp.fsp.mpu4_read_reg1.disabled"/>
      <property id="config.bsp.fsp.mpu4_write_reg1" value="config.bsp.fsp.mpu4_write_reg1.disabled"/>
      <property id="config.bsp.fsp.mpu4_reg1_start" value="0x00000000"/>
      <property id="config.bsp.fsp.mpu4_reg1_end" value="0x00000000"/>
      <property id="config.bsp.fsp.mpu4_read_reg2" value="config.bsp.fsp.mpu4_read_reg2.disabled"/>
      <property id="config.bsp.fsp.mpu4_write_reg2" value="config.bsp.fsp.mpu4_write_reg2.disabled"/>
      <property id="config.bsp.fsp.mpu4_reg2_start" value="0x00000000"/>
      <property id="config.bsp.fsp.mpu4_reg2_end" value="0x00000000"/>
      <property id="config.bsp.fsp.mpu4_read_reg3" value="config.bsp.fsp.mpu4_read_reg3.disabled"/>
      <property id="config.bsp.fsp.mpu4_write_reg3" value="config.bsp.fsp.mpu4_write_reg3.disabled"/>
      <property id="config.bsp.fsp.mpu4_reg3_start" value="0x00000000"/>
      <property id="config.bsp.fsp.mpu4_reg3_end" value="0x00000000"/>
      <property id="config.bsp.fsp.mpu4_read_reg4" value="config.bsp.fsp.mpu4_read_reg4.disabled"/>
      <property id="config.bsp.fsp.mpu4_write_reg4" value="config.bsp.fsp.mpu4_write_reg4.disabled"/>
      <property id="config.bsp.fsp.mpu4_reg4_start" value="0x00000000"/>
      <property id="config.bsp.fsp.mpu4_reg4_end" value="0x00000000"/>
      <property id="config.bsp.fsp.mpu4_read_reg5" value="config.bsp.fsp.mpu4_read_reg5.disabled"/>
      <property id="config.bsp.fsp.mpu4_write_reg5" value="config.bsp.fsp.mpu4_write_reg5.disabled"/>
      <property id="config.bsp.fsp.mpu4_reg5_start" value="0x00000000"/>
      <property id="config.bsp.fsp.mpu4_reg5_end" value="0x00000000"/>
      <property id="config.bsp.fsp.mpu4_read_reg6" value="config.bsp.fsp.mpu4_read_reg6.disabled"/>
      <property id="config.bsp.fsp.mpu4_write_reg6" value="config.bsp.fsp.mpu4_write_reg6.disabled"/>
      <property id="config.bsp.fsp.mpu4_reg6_start" value="0x00000000"/>
      <property id="config.bsp.fsp.mpu4_reg6_end" value="0x00000000"/>
      <property id="config.bsp.fsp.mpu4_read_reg7" value="config.bsp.fsp.mpu4_read_reg7.disabled"/>
      <property id="config.bsp.fsp.mpu4_write_reg7" value="config.bsp.fsp.mpu4_write_reg7.disabled"/>
      <property id="config.bsp.fsp.mpu4_reg7_start" value="0x00000000"/>
      <property id="config.bsp.fsp.mpu4_reg7_end" value="0x00000000"/>
      <property id="config.bsp.fsp.mpu6_read_reg0" value="config.bsp.fsp.mpu6_read_reg0.disabled"/>
      <property id="config.bsp.fsp.mpu6_write_reg0" value="config.bsp.fsp.mpu6_write_reg0.disabled"/>
      <property id="config.bsp.fsp.mpu6_reg0_start" value="0x00000000"/>
      <property id="config.bsp.fsp.mpu6_reg0_end" value="0x00000C00"/>
      <property id="config.bsp.fsp.mpu6_read_reg1" value="config.bsp.fsp.mpu6_read_reg1.disabled"/>
      <property id="config.bsp.fsp.mpu6_write_reg1" value="config.bsp.fsp.mpu6_write_reg1.disabled"/>
      <property id="config.bsp.fsp.mpu6_reg1_start" value="0x00000000"/>
      <property id="config.bsp.fsp.mpu6_reg1_end" value="0x00000C00"/>
      <property id="config.bsp.fsp.mpu6_read_reg2" value="config.bsp.fsp.mpu6_read_reg2.disabled"/>
      <property id="config.bsp.fsp.mpu6_write_reg2" value="config.bsp.fsp.mpu6_write_reg2.disabled"/>
      <property id="config.bsp.fsp.mpu6_reg2_start" value="0x00000000"/>
      <property id="config.bsp.fsp.mpu6_reg2_end" value="0x00000C00"/>
      <property id="config.bsp.fsp.mpu6_read_reg3" value="config.bsp.fsp.mpu6_read_reg3.disabled"/>
      <property id="config.bsp.fsp.mpu6_write_reg3" value="config.bsp.fsp.mpu6_write_reg3.disabled"/>
      <property id="config.bsp.fsp.mpu6_reg3_start" value="0x00000000"/>
      <property id="config.bsp.fsp.mpu6_reg3_end" value="0x00000C00"/>
      <property id="config.bsp.fsp.mpu6_read_reg4" value="config.bsp.fsp.mpu6_read_reg4.disabled"/>
      <property id="config.bsp.fsp.mpu6_write_reg4" value="config.bsp.fsp.mpu6_write_reg4.disabled"/>
      <property id="config.bsp.fsp.mpu6_reg4_start" value="0x00000000"/>
      <property id="config.bsp.fsp.mpu6_reg4_end" value="0x00000C00"/>
      <property id="config.bsp.fsp.mpu6_read_reg5" value="config.bsp.fsp.mpu6_read_reg5.disabled"/>
      <property id="config.bsp.fsp.mpu6_write_reg5" value="config.bsp.fsp.mpu6_write_reg5.disabled"/>
      <property id="config.bsp.fsp.mpu6_reg5_start" value="0x00000000"/>
      <property id="config.bsp.fsp.mpu6_reg5_end" value="0x00000C00"/>
      <property id="config.bsp.fsp.mpu6_read_reg6" value="config.bsp.fsp.mpu6_read_reg6.disabled"/>
      <property id="config.bsp.fsp.mpu6_write_reg6" value="config.bsp.fsp.mpu6_write_reg6.disabled"/>
      <property id="config.bsp.fsp.mpu6_reg6_start" value="0x00000000"/>
      <property id="config.bsp.fsp.mpu6_reg6_end" value="0x00000C00"/>
      <property id="config.bsp.fsp.mpu6_read_reg7" value="config.bsp.fsp.mpu6_read_reg7.disabled"/>
      <property id="config.bsp.fsp.mpu6_write_reg7" value="config.bsp.fsp.mpu6_write_reg7.disabled"/>
      <property id="config.bsp.fsp.mpu6_reg7_start" value="0x00000000"/>
      <property id="config.bsp.fsp.mpu6_reg7_end" value="0x00000C00"/>
      <property id="config.bsp.fsp.mpu7_read_reg0" value="config.bsp.fsp.mpu7_read_reg0.disabled"/>
      <property id="config.bsp.fsp.mpu7_write_reg0" value="config.bsp.fsp.mpu7_write_reg0.disabled"/>
      <property id="config.bsp.fsp.mpu7_reg0_start" value="0x00000000"/>
      <property id="config.bsp.fsp.mpu7_reg0_end" value="0x00000000"/>
      <property id="config.bsp.fsp.mpu7_read_reg1" value="config.bsp.fsp.mpu7_read_reg1.disabled"/>
      <property id="config.bsp.fsp.mpu7_write_reg1" value="config.bsp.fsp.mpu7_write_reg1.disabled"/>
      <property id="config.bsp.fsp.mpu7_reg1_start" value="0x00000000"/>
      <property id="config.bsp.fsp.mpu7_reg1_end" value="0x00000000"/>
      <property id="config.bsp.fsp.mpu7_read_reg2" value="config.bsp.fsp.mpu7_read_reg2.disabled"/>
      <property id="config.bsp.fsp.mpu7_write_reg2" value="config.bsp.fsp.mpu7_write_reg2.disabled"/>
      <property id="config.bsp.fsp.mpu7_reg2_start" value="0x00000000"/>
      <property id="config.bsp.fsp.mpu7_reg2_end" value="0x00000000"/>
      <property id="config.bsp.fsp.mpu7_read_reg3" value="config.bsp.fsp.mpu7_read_reg3.disabled"/>
      <property id="config.bsp.fsp.mpu7_write_reg3" value="config.bsp.fsp.mpu7_write_reg3.disabled"/>
      <property id="config.bsp.fsp.mpu7_reg3_start" value="0x00000000"/>
      <property id="config.bsp.fsp.mpu7_reg3_end" value="0x00000000"/>
      <property id="config.bsp.fsp.mpu7_read_reg4" value="config.bsp.fsp.mpu7_read_reg4.disabled"/>
      <property id="config.bsp.fsp.mpu7_write_reg4" value="config.bsp.fsp.mpu7_write_reg4.disabled"/>
      <property id="config.bsp.fsp.mpu7_reg4_start" value="0x00000000"/>
      <property id="config.bsp.fsp.mpu7_reg4_end" value="0x00000000"/>
      <property id="config.bsp.fsp.mpu7_read_reg5" value="config.bsp.fsp.mpu7_read_reg5.disabled"/>
      <property id="config.bsp.fsp.mpu7_write_reg5" value="config.bsp.fsp.mpu7_write_reg5.disabled"/>
      <property id="config.bsp.fsp.mpu7_reg5_start" value="0x00000000"/>
      <property id="config.bsp.fsp.mpu7_reg5_end" value="0x00000000"/>
      <property id="config.bsp.fsp.mpu7_read_reg6" value="config.bsp.fsp.mpu7_read_reg6.disabled"/>
      <property id="config.bsp.fsp.mpu7_write_reg6" value="config.bsp.fsp.mpu7_write_reg6.disabled"/>
      <property id="config.bsp.fsp.mpu7_reg6_start" value="0x00000000"/>
      <property id="config.bsp.fsp.mpu7_reg6_end" value="0x00000000"/>
      <property id="config.bsp.fsp.mpu7_read_reg7" value="config.bsp.fsp.mpu7_read_reg7.disabled"/>
      <property id="config.bsp.fsp.mpu7_write_reg7" value="config.bsp.fsp.mpu7_write_reg7.disabled"/>
      <property id="config.bsp.fsp.mpu7_reg7_start" value="0x00000000"/>
      <property id="config.bsp.fsp.mpu7_reg7_end" value="0x00000000"/>
      <property id="config.bsp.fsp.mpu8_read_reg0" value="config.bsp.fsp.mpu8_read_reg0.disabled"/>
      <property id="config.bsp.fsp.mpu8_write_reg0" value="config.bsp.fsp.mpu8_write_reg0.disabled"/>
      <property id="config.bsp.fsp.mpu8_reg0_start" value="0x00000000"/>
      <property id="config.bsp.fsp.mpu8_reg0_end" value="0x00000000"/>
      <property id="config.bsp.fsp.mpu8_read_reg1" value="config.bsp.fsp.mpu8_read_reg1.disabled"/>
      <property id="config.bsp.fsp.mpu8_write_reg1" value="config.bsp.fsp.mpu8_write_reg1.disabled"/>
      <property id="config.bsp.fsp.mpu8_reg1_start" value="0x00000000"/>
      <property id="config.bsp.fsp.mpu8_reg1_end" value="0x00000000"/>
      <property id="config.bsp.fsp.mpu8_read_reg2" value="config.bsp.fsp.mpu8_read_reg2.disabled"/>
      <property id="config.bsp.fsp.mpu8_write_reg2" value="config.bsp.fsp.mpu8_write_reg2.disabled"/>
      <property id="config.bsp.fsp.mpu8_reg2_start" value="0x00000000"/>
      <property id="config.bsp.fsp.mpu8_reg2_end" value="0x00000000"/>
      <property id="config.bsp.fsp.mpu8_read_reg3" value="config.bsp.fsp.mpu8_read_reg3.disabled"/>
      <property id="config.bsp.fsp.mpu8_write_reg3" value="config.bsp.fsp.mpu8_write_reg3.disabled"/>
      <property id="config.bsp.fsp.mpu8_reg3_start" value="0x00000000"/>
      <property id="config.bsp.fsp.mpu8_reg3_end" value="0x00000000"/>
      <property id="config.bsp.fsp.mpu8_read_reg4" value="config.bsp.fsp.mpu8_read_reg4.disabled"/>
      <property id="config.bsp.fsp.mpu8_write_reg4" value="config.bsp.fsp.mpu8_write_reg4.disabled"/>
      <property id="config.bsp.fsp.mpu8_reg4_start" value="0x00000000"/>
      <property id="config.bsp.fsp.mpu8_reg4_end" value="0x00000000"/>
      <property id="config.bsp.fsp.mpu8_read_reg5" value="config.bsp.fsp.mpu8_read_reg5.disabled"/>
      <property id="config.bsp.fsp.mpu8_write_reg5" value="config.bsp.fsp.mpu8_write_reg5.disabled"/>
      <property id="config.bsp.fsp.mpu8_reg5_start" value="0x00000000"/>
      <property id="config.bsp.fsp.mpu8_reg5_end" value="0x00000000"/>
      <property id="config.bsp.fsp.mpu8_read_reg6" value="config.bsp.fsp.mpu8_read_reg6.disabled"/>
      <property id="config.bsp.fsp.mpu8_write_reg6" value="config.bsp.fsp.mpu8_write_reg6.disabled"/>
      <property id="config.bsp.fsp.mpu8_reg6_start" value="0x00000000"/>
      <property id="config.bsp.fsp.mpu8_reg6_end" value="0x00000000"/>
      <property id="config.bsp.fsp.mpu8_read_reg7" value="config.bsp.fsp.mpu8_read_reg7.disabled"/>
      <property id="config.bsp.fsp.mpu8_write_reg7" value="config.bsp.fsp.mpu8_write_reg7.disabled"/>
      <property id="config.bsp.fsp.mpu8_reg7_start" value="0x00000000"/>
      <property id="config.bsp.fsp.mpu8_reg7_end" value="0x00000000"/>
      <property id="config.bsp.fsp.cpu.mpu_attr0.type" value="config.bsp.fsp.cpu.mpu_attr0.type.normal_memory"/>
      <property id="config.bsp.fsp.cpu.mpu_attr0.memory.inner" value="config.bsp.fsp.cpu.mpu_attr0.memory.inner.write_back_non_transient"/>
      <property id="config.bsp.fsp.cpu.mpu_attr0.memory.inner.read" value="config.bsp.fsp.cpu.mpu_attr0.memory.inner.read.allocate"/>
      <property id="config.bsp.fsp.cpu.mpu_attr0.memory.inner.write" value="config.bsp.fsp.cpu.mpu_attr0.memory.inner.write.allocate"/>
      <property id="config.bsp.fsp.cpu.mpu_attr0.memory.outer" value="config.bsp.fsp.cpu.mpu_attr0.memory.outer.write_back_non_transient"/>
      <property id="config.bsp.fsp.cpu.mpu_attr0.memory.outer.read" value="config.bsp.fsp.cpu.mpu_attr0.memory.outer.read.allocate"/>
      <property id="config.bsp.fsp.cpu.mpu_attr0.memory.outer.write" value="config.bsp.fsp.cpu.mpu_attr0.memory.outer.write.allocate"/>
      <property id="config.bsp.fsp.cpu.mpu_attr0.device" value="config.bsp.fsp.cpu.mpu_attr0.device.nGnRnE"/>
      <property id="config.bsp.fsp.cpu.mpu_attr1.type" value="config.bsp.fsp.cpu.mpu_attr1.type.normal_memory"/>
      <property id="config.bsp.fsp.cpu.mpu_attr1.memory.inner" value="config.bsp.fsp.cpu.mpu_attr1.memory.inner.write_through_non_transient"/>
      <property id="config.bsp.fsp.cpu.mpu_attr1.memory.inner.read" value="config.bsp.fsp.cpu.mpu_attr1.memory.inner.read.allocate"/>
      <property id="config.bsp.fsp.cpu.mpu_attr1.memory.inner.write" value="config.bsp.fsp.cpu.mpu_attr1.memory.inner.write.allocate"/>
      <property id="config.bsp.fsp.cpu.mpu_attr1.memory.outer" value="config.bsp.fsp.cpu.mpu_attr1.memory.outer.write_through_non_transient"/>
      <property id="config.bsp.fsp.cpu.mpu_attr1.memory.outer.read" value="config.bsp.fsp.cpu.mpu_attr1.memory.outer.read.allocate"/>
      <property id="config.bsp.fsp.cpu.mpu_attr1.memory.outer.write" value="config.bsp.fsp.cpu.mpu_attr1.memory.outer.write.allocate"/>
      <property id="config.bsp.fsp.cpu.mpu_attr1.device" value="config.bsp.fsp.cpu.mpu_attr1.device.nGnRnE"/>
      <property id="config.bsp.fsp.cpu.mpu_attr2.type" value="config.bsp.fsp.cpu.mpu_attr2.type.normal_memory"/>
      <property id="config.bsp.fsp.cpu.mpu_attr2.memory.inner" value="config.bsp.fsp.cpu.mpu_attr2.memory.inner.write_through_non_transient"/>
      <property id="config.bsp.fsp.cpu.mpu_attr2.memory.inner.read" value="config.bsp.fsp.cpu.mpu_attr2.memory.inner.read.not_allocate"/>
      <property id="config.bsp.fsp.cpu.mpu_attr2.memory.inner.write" value="config.bsp.fsp.cpu.mpu_attr2.memory.inner.write.not_allocate"/>
      <property id="config.bsp.fsp.cpu.mpu_attr2.memory.outer" value="config.bsp.fsp.cpu.mpu_attr2.memory.outer.write_through_non_transient"/>
      <property id="config.bsp.fsp.cpu.mpu_attr2.memory.outer.read" value="config.bsp.fsp.cpu.mpu_attr2.memory.outer.read.not_allocate"/>
      <property id="config.bsp.fsp.cpu.mpu_attr2.memory.outer.write" value="config.bsp.fsp.cpu.mpu_attr2.memory.outer.write.not_allocate"/>
      <property id="config.bsp.fsp.cpu.mpu_attr2.device" value="config.bsp.fsp.cpu.mpu_attr2.device.nGnRnE"/>
      <property id="config.bsp.fsp.cpu.mpu_attr3.type" value="config.bsp.fsp.cpu.mpu_attr3.type.normal_memory"/>
      <property id="config.bsp.fsp.cpu.mpu_attr3.memory.inner" value="config.bsp.fsp.cpu.mpu_attr3.memory.inner.non_chacheable"/>
      <property id="config.bsp.fsp.cpu.mpu_attr3.memory.inner.read" value="config.bsp.fsp.cpu.mpu_attr3.memory.inner.read.not_allocate"/>
      <property id="config.bsp.fsp.cpu.mpu_attr3.memory.inner.write" value="config.bsp.fsp.cpu.mpu_attr3.memory.inner.write.not_allocate"/>
      <property id="config.bsp.fsp.cpu.mpu_attr3.memory.outer" value="config.bsp.fsp.cpu.mpu_attr3.memory.outer.non_chacheable"/>
      <property id="config.bsp.fsp.cpu.mpu_attr3.memory.outer.read" value="config.bsp.fsp.cpu.mpu_attr3.memory.outer.read.not_allocate"/>
      <property id="config.bsp.fsp.cpu.mpu_attr3.memory.outer.write" value="config.bsp.fsp.cpu.mpu_attr3.memory.outer.write.not_allocate"/>
      <property id="config.bsp.fsp.cpu.mpu_attr3.device" value="config.bsp.fsp.cpu.mpu_attr3.device.nGnRnE"/>
      <property id="config.bsp.fsp.cpu.mpu_attr4.type" value="config.bsp.fsp.cpu.mpu_attr4.type.device"/>
      <property id="config.bsp.fsp.cpu.mpu_attr4.memory.inner" value="config.bsp.fsp.cpu.mpu_attr4.memory.inner.write_through"/>
      <property id="config.bsp.fsp.cpu.mpu_attr4.memory.inner.read" value="config.bsp.fsp.cpu.mpu_attr4.memory.inner.read.not_allocate"/>
      <property id="config.bsp.fsp.cpu.mpu_attr4.memory.inner.write" value="config.bsp.fsp.cpu.mpu_attr4.memory.inner.write.not_allocate"/>
      <property id="config.bsp.fsp.cpu.mpu_attr4.memory.outer" value="config.bsp.fsp.cpu.mpu_attr4.memory.outer.write_through"/>
      <property id="config.bsp.fsp.cpu.mpu_attr4.memory.outer.read" value="config.bsp.fsp.cpu.mpu_attr4.memory.outer.read.not_allocate"/>
      <property id="config.bsp.fsp.cpu.mpu_attr4.memory.outer.write" value="config.bsp.fsp.cpu.mpu_attr4.memory.outer.write.not_allocate"/>
      <property id="config.bsp.fsp.cpu.mpu_attr4.device" value="config.bsp.fsp.cpu.mpu_attr4.device.nGnRnE"/>
      <property id="config.bsp.fsp.cpu.mpu_attr5.type" value="config.bsp.fsp.cpu.mpu_attr5.type.device"/>
      <property id="config.bsp.fsp.cpu.mpu_attr5.memory.inner" value="config.bsp.fsp.cpu.mpu_attr5.memory.inner.write_through"/>
      <property id="config.bsp.fsp.cpu.mpu_attr5.memory.inner.read" value="config.bsp.fsp.cpu.mpu_attr5.memory.inner.read.not_allocate"/>
      <property id="config.bsp.fsp.cpu.mpu_attr5.memory.inner.write" value="config.bsp.fsp.cpu.mpu_attr5.memory.inner.write.not_allocate"/>
      <property id="config.bsp.fsp.cpu.mpu_attr5.memory.outer" value="config.bsp.fsp.cpu.mpu_attr5.memory.outer.write_through"/>
      <property id="config.bsp.fsp.cpu.mpu_attr5.memory.outer.read" value="config.bsp.fsp.cpu.mpu_attr5.memory.outer.read.not_allocate"/>
      <property id="config.bsp.fsp.cpu.mpu_attr5.memory.outer.write" value="config.bsp.fsp.cpu.mpu_attr5.memory.outer.write.not_allocate"/>
      <property id="config.bsp.fsp.cpu.mpu_attr5.device" value="config.bsp.fsp.cpu.mpu_attr5.device.nGnRE"/>
      <property id="config.bsp.fsp.cpu.mpu_attr6.type" value="config.bsp.fsp.cpu.mpu_attr6.type.device"/>
      <property id="config.bsp.fsp.cpu.mpu_attr6.memory.inner" value="config.bsp.fsp.cpu.mpu_attr6.memory.inner.write_through"/>
      <property id="config.bsp.fsp.cpu.mpu_attr6.memory.inner.read" value="config.bsp.fsp.cpu.mpu_attr6.memory.inner.read.not_allocate"/>
      <property id="config.bsp.fsp.cpu.mpu_attr6.memory.inner.write" value="config.bsp.fsp.cpu.mpu_attr6.memory.inner.write.not_allocate"/>
      <property id="config.bsp.fsp.cpu.mpu_attr6.memory.outer" value="config.bsp.fsp.cpu.mpu_attr6.memory.outer.write_through"/>
      <property id="config.bsp.fsp.cpu.mpu_attr6.memory.outer.read" value="config.bsp.fsp.cpu.mpu_attr6.memory.outer.read.not_allocate"/>
      <property id="config.bsp.fsp.cpu.mpu_attr6.memory.outer.write" value="config.bsp.fsp.cpu.mpu_attr6.memory.outer.write.not_allocate"/>
      <property id="config.bsp.fsp.cpu.mpu_attr6.device" value="config.bsp.fsp.cpu.mpu_attr6.device.nGRE"/>
      <property id="config.bsp.fsp.cpu.mpu_attr7.type" value="config.bsp.fsp.cpu.mpu_attr7.type.device"/>
      <property id="config.bsp.fsp.cpu.mpu_attr7.memory.inner" value="config.bsp.fsp.cpu.mpu_attr7.memory.inner.write_through"/>
      <property id="config.bsp.fsp.cpu.mpu_attr7.memory.inner.read" value="config.bsp.fsp.cpu.mpu_attr7.memory.inner.read.not_allocate"/>
      <property id="config.bsp.fsp.cpu.mpu_attr7.memory.inner.write" value="config.bsp.fsp.cpu.mpu_attr7.memory.inner.write.not_allocate"/>
      <property id="config.bsp.fsp.cpu.mpu_attr7.memory.outer" value="config.bsp.fsp.cpu.mpu_attr7.memory.outer.write_through"/>
      <property id="config.bsp.fsp.cpu.mpu_attr7.memory.outer.read" value="config.bsp.fsp.cpu.mpu_attr7.memory.outer.read.not_allocate"/>
      <property id="config.bsp.fsp.cpu.mpu_attr7.memory.outer.write" value="config.bsp.fsp.cpu.mpu_attr7.memory.outer.write.not_allocate"/>
      <property id="config.bsp.fsp.cpu.mpu_attr7.device" value="config.bsp.fsp.cpu.mpu_attr7.device.GRE"/>
      <property id="config.bsp.fsp.cpu.mpu_reg00.name" value="ATCM"/>
      <property id="config.bsp.fsp.cpu.mpu_reg00.base" value="0x00000000"/>
      <property id="config.bsp.fsp.cpu.mpu_reg00.limit" value="0x0001FFFF"/>
      <property id="config.bsp.fsp.cpu.mpu_reg00.sh" value="config.bsp.fsp.cpu.mpu_reg00.sh.outer_shareable"/>
      <property id="config.bsp.fsp.cpu.mpu_reg00.ap" value="config.bsp.fsp.cpu.mpu_reg00.ap.rw_rw"/>
      <property id="config.bsp.fsp.cpu.mpu_reg00.xn" value="config.bsp.fsp.cpu.mpu_reg00.xn.execute_enable"/>
      <property id="config.bsp.fsp.cpu.mpu_reg00.attr_index" value="config.bsp.fsp.cpu.mpu_reg00.attr_index.atrr3"/>
      <property id="config.bsp.fsp.cpu.mpu_reg00.region_enable" value="config.bsp.fsp.cpu.mpu_reg00.region_enable.enabled"/>
      <property id="config.bsp.fsp.cpu.mpu_reg01.name" value="BTCM"/>
      <property id="config.bsp.fsp.cpu.mpu_reg01.base" value="0x00100000"/>
      <property id="config.bsp.fsp.cpu.mpu_reg01.limit" value="0x0011FFFF"/>
      <property id="config.bsp.fsp.cpu.mpu_reg01.sh" value="config.bsp.fsp.cpu.mpu_reg01.sh.outer_shareable"/>
      <property id="config.bsp.fsp.cpu.mpu_reg01.ap" value="config.bsp.fsp.cpu.mpu_reg01.ap.rw_rw"/>
      <property id="config.bsp.fsp.cpu.mpu_reg01.xn" value="config.bsp.fsp.cpu.mpu_reg01.xn.execute_enable"/>
      <property id="config.bsp.fsp.cpu.mpu_reg01.attr_index" value="config.bsp.fsp.cpu.mpu_reg01.attr_index.atrr3"/>
      <property id="config.bsp.fsp.cpu.mpu_reg01.region_enable" value="config.bsp.fsp.cpu.mpu_reg01.region_enable.enabled"/>
      <property id="config.bsp.fsp.cpu.mpu_reg02.name" value="System RAM"/>
      <property id="config.bsp.fsp.cpu.mpu_reg02.base" value="0x10000000"/>
      <property id="config.bsp.fsp.cpu.mpu_reg02.limit" value="0x1017FFFF"/>
      <property id="config.bsp.fsp.cpu.mpu_reg02.sh" value="config.bsp.fsp.cpu.mpu_reg02.sh.non-shareable"/>
      <property id="config.bsp.fsp.cpu.mpu_reg02.ap" value="config.bsp.fsp.cpu.mpu_reg02.ap.rw_rw"/>
      <property id="config.bsp.fsp.cpu.mpu_reg02.xn" value="config.bsp.fsp.cpu.mpu_reg02.xn.execute_enable"/>
      <property id="config.bsp.fsp.cpu.mpu_reg02.attr_index" value="config.bsp.fsp.cpu.mpu_reg02.attr_index.atrr1"/>
      <property id="config.bsp.fsp.cpu.mpu_reg02.region_enable" value="config.bsp.fsp.cpu.mpu_reg02.region_enable.enabled"/>
      <property id="config.bsp.fsp.cpu.mpu_reg03.name" value="Mirror area of System RAM"/>
      <property id="config.bsp.fsp.cpu.mpu_reg03.base" value="0x30000000"/>
      <property id="config.bsp.fsp.cpu.mpu_reg03.limit" value="0x3017FFFF"/>
      <property id="config.bsp.fsp.cpu.mpu_reg03.sh" value="config.bsp.fsp.cpu.mpu_reg03.sh.outer_shareable"/>
      <property id="config.bsp.fsp.cpu.mpu_reg03.ap" value="config.bsp.fsp.cpu.mpu_reg03.ap.rw_rw"/>
      <property id="config.bsp.fsp.cpu.mpu_reg03.xn" value="config.bsp.fsp.cpu.mpu_reg03.xn.execute_enable"/>
      <property id="config.bsp.fsp.cpu.mpu_reg03.attr_index" value="config.bsp.fsp.cpu.mpu_reg03.attr_index.atrr3"/>
      <property id="config.bsp.fsp.cpu.mpu_reg03.region_enable" value="config.bsp.fsp.cpu.mpu_reg03.region_enable.enabled"/>
      <property id="config.bsp.fsp.cpu.mpu_reg04.name" value="Mirror area of external address space"/>
      <property id="config.bsp.fsp.cpu.mpu_reg04.base" value="0x40000000"/>
      <property id="config.bsp.fsp.cpu.mpu_reg04.limit" value="0x5FFFFFFF"/>
      <property id="config.bsp.fsp.cpu.mpu_reg04.sh" value="config.bsp.fsp.cpu.mpu_reg04.sh.outer_shareable"/>
      <property id="config.bsp.fsp.cpu.mpu_reg04.ap" value="config.bsp.fsp.cpu.mpu_reg04.ap.rw_rw"/>
      <property id="config.bsp.fsp.cpu.mpu_reg04.xn" value="config.bsp.fsp.cpu.mpu_reg04.xn.execute_enable"/>
      <property id="config.bsp.fsp.cpu.mpu_reg04.attr_index" value="config.bsp.fsp.cpu.mpu_reg04.attr_index.atrr3"/>
      <property id="config.bsp.fsp.cpu.mpu_reg04.region_enable" value="config.bsp.fsp.cpu.mpu_reg04.region_enable.enabled"/>
      <property id="config.bsp.fsp.cpu.mpu_reg05.name" value="External address space"/>
      <property id="config.bsp.fsp.cpu.mpu_reg05.base" value="0x60000000"/>
      <property id="config.bsp.fsp.cpu.mpu_reg05.limit" value="0x7FFFFFFF"/>
      <property id="config.bsp.fsp.cpu.mpu_reg05.sh" value="config.bsp.fsp.cpu.mpu_reg05.sh.non-shareable"/>
      <property id="config.bsp.fsp.cpu.mpu_reg05.ap" value="config.bsp.fsp.cpu.mpu_reg05.ap.rw_rw"/>
      <property id="config.bsp.fsp.cpu.mpu_reg05.xn" value="config.bsp.fsp.cpu.mpu_reg05.xn.execute_enable"/>
      <property id="config.bsp.fsp.cpu.mpu_reg05.attr_index" value="config.bsp.fsp.cpu.mpu_reg05.attr_index.atrr1"/>
      <property id="config.bsp.fsp.cpu.mpu_reg05.region_enable" value="config.bsp.fsp.cpu.mpu_reg05.region_enable.enabled"/>
      <property id="config.bsp.fsp.cpu.mpu_reg06.name" value="Non-Safety Peripheral"/>
      <property id="config.bsp.fsp.cpu.mpu_reg06.base" value="0x80000000"/>
      <property id="config.bsp.fsp.cpu.mpu_reg06.limit" value="0x80FFFFFF"/>
      <property id="config.bsp.fsp.cpu.mpu_reg06.sh" value="config.bsp.fsp.cpu.mpu_reg06.sh.outer_shareable"/>
      <property id="config.bsp.fsp.cpu.mpu_reg06.ap" value="config.bsp.fsp.cpu.mpu_reg06.ap.rw_rw"/>
      <property id="config.bsp.fsp.cpu.mpu_reg06.xn" value="config.bsp.fsp.cpu.mpu_reg06.xn.execute_never"/>
      <property id="config.bsp.fsp.cpu.mpu_reg06.attr_index" value="config.bsp.fsp.cpu.mpu_reg06.attr_index.atrr5"/>
      <property id="config.bsp.fsp.cpu.mpu_reg06.region_enable" value="config.bsp.fsp.cpu.mpu_reg06.region_enable.enabled"/>
      <property id="config.bsp.fsp.cpu.mpu_reg07.name" value="Safety Peripheral"/>
      <property id="config.bsp.fsp.cpu.mpu_reg07.base" value="0x81000000"/>
      <property id="config.bsp.fsp.cpu.mpu_reg07.limit" value="0x81FFFFFF"/>
      <property id="config.bsp.fsp.cpu.mpu_reg07.sh" value="config.bsp.fsp.cpu.mpu_reg07.sh.outer_shareable"/>
      <property id="config.bsp.fsp.cpu.mpu_reg07.ap" value="config.bsp.fsp.cpu.mpu_reg07.ap.rw_rw"/>
      <property id="config.bsp.fsp.cpu.mpu_reg07.xn" value="config.bsp.fsp.cpu.mpu_reg07.xn.execute_never"/>
      <property id="config.bsp.fsp.cpu.mpu_reg07.attr_index" value="config.bsp.fsp.cpu.mpu_reg07.attr_index.atrr5"/>
      <property id="config.bsp.fsp.cpu.mpu_reg07.region_enable" value="config.bsp.fsp.cpu.mpu_reg07.region_enable.enabled"/>
      <property id="config.bsp.fsp.cpu.mpu_reg08.name" value="LLPP Peripheral"/>
      <property id="config.bsp.fsp.cpu.mpu_reg08.base" value="0x90000000"/>
      <property id="config.bsp.fsp.cpu.mpu_reg08.limit" value="0x901FFFFF"/>
      <property id="config.bsp.fsp.cpu.mpu_reg08.sh" value="config.bsp.fsp.cpu.mpu_reg08.sh.outer_shareable"/>
      <property id="config.bsp.fsp.cpu.mpu_reg08.ap" value="config.bsp.fsp.cpu.mpu_reg08.ap.rw_rw"/>
      <property id="config.bsp.fsp.cpu.mpu_reg08.xn" value="config.bsp.fsp.cpu.mpu_reg08.xn.execute_never"/>
      <property id="config.bsp.fsp.cpu.mpu_reg08.attr_index" value="config.bsp.fsp.cpu.mpu_reg08.attr_index.atrr5"/>
      <property id="config.bsp.fsp.cpu.mpu_reg08.region_enable" value="config.bsp.fsp.cpu.mpu_reg08.region_enable.enabled"/>
      <property id="config.bsp.fsp.cpu.mpu_reg09.name" value="GIC0"/>
      <property id="config.bsp.fsp.cpu.mpu_reg09.base" value="0x94000000"/>
      <property id="config.bsp.fsp.cpu.mpu_reg09.limit" value="0x941FFFFF"/>
      <property id="config.bsp.fsp.cpu.mpu_reg09.sh" value="config.bsp.fsp.cpu.mpu_reg09.sh.outer_shareable"/>
      <property id="config.bsp.fsp.cpu.mpu_reg09.ap" value="config.bsp.fsp.cpu.mpu_reg09.ap.rw_rw"/>
      <property id="config.bsp.fsp.cpu.mpu_reg09.xn" value="config.bsp.fsp.cpu.mpu_reg09.xn.execute_never"/>
      <property id="config.bsp.fsp.cpu.mpu_reg09.attr_index" value="config.bsp.fsp.cpu.mpu_reg09.attr_index.atrr4"/>
      <property id="config.bsp.fsp.cpu.mpu_reg09.region_enable" value="config.bsp.fsp.cpu.mpu_reg09.region_enable.enabled"/>
      <property id="config.bsp.fsp.cpu.mpu_reg10.name" value="Debug Private"/>
      <property id="config.bsp.fsp.cpu.mpu_reg10.base" value="0xC0000000"/>
      <property id="config.bsp.fsp.cpu.mpu_reg10.limit" value="0xC0FFFFFF"/>
      <property id="config.bsp.fsp.cpu.mpu_reg10.sh" value="config.bsp.fsp.cpu.mpu_reg10.sh.outer_shareable"/>
      <property id="config.bsp.fsp.cpu.mpu_reg10.ap" value="config.bsp.fsp.cpu.mpu_reg10.ap.rw_rw"/>
      <property id="config.bsp.fsp.cpu.mpu_reg10.xn" value="config.bsp.fsp.cpu.mpu_reg10.xn.execute_never"/>
      <property id="config.bsp.fsp.cpu.mpu_reg10.attr_index" value="config.bsp.fsp.cpu.mpu_reg10.attr_index.atrr4"/>
      <property id="config.bsp.fsp.cpu.mpu_reg10.region_enable" value="config.bsp.fsp.cpu.mpu_reg10.region_enable.enabled"/>
      <property id="config.bsp.fsp.cpu.mpu_reg11.name" value="Not Used"/>
      <property id="config.bsp.fsp.cpu.mpu_reg11.base" value="0x00000000"/>
      <property id="config.bsp.fsp.cpu.mpu_reg11.limit" value="0x00000000"/>
      <property id="config.bsp.fsp.cpu.mpu_reg11.sh" value="config.bsp.fsp.cpu.mpu_reg11.sh.non-shareable"/>
      <property id="config.bsp.fsp.cpu.mpu_reg11.ap" value="config.bsp.fsp.cpu.mpu_reg11.ap.rw_none"/>
      <property id="config.bsp.fsp.cpu.mpu_reg11.xn" value="config.bsp.fsp.cpu.mpu_reg11.xn.execute_enable"/>
      <property id="config.bsp.fsp.cpu.mpu_reg11.attr_index" value="config.bsp.fsp.cpu.mpu_reg11.attr_index.atrr0"/>
      <property id="config.bsp.fsp.cpu.mpu_reg11.region_enable" value="config.bsp.fsp.cpu.mpu_reg11.region_enable.disabled"/>
      <property id="config.bsp.fsp.cpu.mpu_reg12.name" value="Not Used"/>
      <property id="config.bsp.fsp.cpu.mpu_reg12.base" value="0x00000000"/>
      <property id="config.bsp.fsp.cpu.mpu_reg12.limit" value="0x00000000"/>
      <property id="config.bsp.fsp.cpu.mpu_reg12.sh" value="config.bsp.fsp.cpu.mpu_reg12.sh.non-shareable"/>
      <property id="config.bsp.fsp.cpu.mpu_reg12.ap" value="config.bsp.fsp.cpu.mpu_reg12.ap.rw_none"/>
      <property id="config.bsp.fsp.cpu.mpu_reg12.xn" value="config.bsp.fsp.cpu.mpu_reg12.xn.execute_enable"/>
      <property id="config.bsp.fsp.cpu.mpu_reg12.attr_index" value="config.bsp.fsp.cpu.mpu_reg12.attr_index.atrr0"/>
      <property id="config.bsp.fsp.cpu.mpu_reg12.region_enable" value="config.bsp.fsp.cpu.mpu_reg12.region_enable.disabled"/>
      <property id="config.bsp.fsp.cpu.mpu_reg13.name" value="Not Used"/>
      <property id="config.bsp.fsp.cpu.mpu_reg13.base" value="0x00000000"/>
      <property id="config.bsp.fsp.cpu.mpu_reg13.limit" value="0x00000000"/>
      <property id="config.bsp.fsp.cpu.mpu_reg13.sh" value="config.bsp.fsp.cpu.mpu_reg13.sh.non-shareable"/>
      <property id="config.bsp.fsp.cpu.mpu_reg13.ap" value="config.bsp.fsp.cpu.mpu_reg13.ap.rw_none"/>
      <property id="config.bsp.fsp.cpu.mpu_reg13.xn" value="config.bsp.fsp.cpu.mpu_reg13.xn.execute_enable"/>
      <property id="config.bsp.fsp.cpu.mpu_reg13.attr_index" value="config.bsp.fsp.cpu.mpu_reg13.attr_index.atrr0"/>
      <property id="config.bsp.fsp.cpu.mpu_reg13.region_enable" value="config.bsp.fsp.cpu.mpu_reg13.region_enable.disable"/>
      <property id="config.bsp.fsp.cpu.mpu_reg14.name" value="Not Used"/>
      <property id="config.bsp.fsp.cpu.mpu_reg14.base" value="0x00000000"/>
      <property id="config.bsp.fsp.cpu.mpu_reg14.limit" value="0x00000000"/>
      <property id="config.bsp.fsp.cpu.mpu_reg14.sh" value="config.bsp.fsp.cpu.mpu_reg14.sh.non-shareable"/>
      <property id="config.bsp.fsp.cpu.mpu_reg14.ap" value="config.bsp.fsp.cpu.mpu_reg14.ap.rw_none"/>
      <property id="config.bsp.fsp.cpu.mpu_reg14.xn" value="config.bsp.fsp.cpu.mpu_reg14.xn.execute_enable"/>
      <property id="config.bsp.fsp.cpu.mpu_reg14.attr_index" value="config.bsp.fsp.cpu.mpu_reg14.attr_index.atrr0"/>
      <property id="config.bsp.fsp.cpu.mpu_reg14.region_enable" value="config.bsp.fsp.cpu.mpu_reg14.region_enable.disable"/>
      <property id="config.bsp.fsp.cpu.mpu_reg15.name" value="Not Used"/>
      <property id="config.bsp.fsp.cpu.mpu_reg15.base" value="0x00000000"/>
      <property id="config.bsp.fsp.cpu.mpu_reg15.limit" value="0x00000000"/>
      <property id="config.bsp.fsp.cpu.mpu_reg15.sh" value="config.bsp.fsp.cpu.mpu_reg15.sh.non-shareable"/>
      <property id="config.bsp.fsp.cpu.mpu_reg15.ap" value="config.bsp.fsp.cpu.mpu_reg15.ap.rw_none"/>
      <property id="config.bsp.fsp.cpu.mpu_reg15.xn" value="config.bsp.fsp.cpu.mpu_reg15.xn.execute_enable"/>
      <property id="config.bsp.fsp.cpu.mpu_reg15.attr_index" value="config.bsp.fsp.cpu.mpu_reg15.attr_index.atrr0"/>
      <property id="config.bsp.fsp.cpu.mpu_reg15.region_enable" value="config.bsp.fsp.cpu.mpu_reg15.region_enable.disable"/>
      <property id="config.bsp.fsp.cpu.mpu_reg16.name" value="Not Used"/>
      <property id="config.bsp.fsp.cpu.mpu_reg16.base" value="0x00000000"/>
      <property id="config.bsp.fsp.cpu.mpu_reg16.limit" value="0x00000000"/>
      <property id="config.bsp.fsp.cpu.mpu_reg16.sh" value="config.bsp.fsp.cpu.mpu_reg16.sh.non-shareable"/>
      <property id="config.bsp.fsp.cpu.mpu_reg16.ap" value="config.bsp.fsp.cpu.mpu_reg16.ap.rw_none"/>
      <property id="config.bsp.fsp.cpu.mpu_reg16.xn" value="config.bsp.fsp.cpu.mpu_reg16.xn.execute_enable"/>
      <property id="config.bsp.fsp.cpu.mpu_reg16.attr_index" value="config.bsp.fsp.cpu.mpu_reg16.attr_index.atrr0"/>
      <property id="config.bsp.fsp.cpu.mpu_reg16.region_enable" value="config.bsp.fsp.cpu.mpu_reg16.region_enable.disable"/>
      <property id="config.bsp.fsp.cpu.mpu_reg17.name" value="Not Used"/>
      <property id="config.bsp.fsp.cpu.mpu_reg17.base" value="0x00000000"/>
      <property id="config.bsp.fsp.cpu.mpu_reg17.limit" value="0x00000000"/>
      <property id="config.bsp.fsp.cpu.mpu_reg17.sh" value="config.bsp.fsp.cpu.mpu_reg17.sh.non-shareable"/>
      <property id="config.bsp.fsp.cpu.mpu_reg17.ap" value="config.bsp.fsp.cpu.mpu_reg17.ap.rw_none"/>
      <property id="config.bsp.fsp.cpu.mpu_reg17.xn" value="config.bsp.fsp.cpu.mpu_reg17.xn.execute_enable"/>
      <property id="config.bsp.fsp.cpu.mpu_reg17.attr_index" value="config.bsp.fsp.cpu.mpu_reg17.attr_index.atrr0"/>
      <property id="config.bsp.fsp.cpu.mpu_reg17.region_enable" value="config.bsp.fsp.cpu.mpu_reg17.region_enable.disable"/>
      <property id="config.bsp.fsp.cpu.mpu_reg18.name" value="Not Used"/>
      <property id="config.bsp.fsp.cpu.mpu_reg18.base" value="0x00000000"/>
      <property id="config.bsp.fsp.cpu.mpu_reg18.limit" value="0x00000000"/>
      <property id="config.bsp.fsp.cpu.mpu_reg18.sh" value="config.bsp.fsp.cpu.mpu_reg18.sh.non-shareable"/>
      <property id="config.bsp.fsp.cpu.mpu_reg18.ap" value="config.bsp.fsp.cpu.mpu_reg18.ap.rw_none"/>
      <property id="config.bsp.fsp.cpu.mpu_reg18.xn" value="config.bsp.fsp.cpu.mpu_reg18.xn.execute_enable"/>
      <property id="config.bsp.fsp.cpu.mpu_reg18.attr_index" value="config.bsp.fsp.cpu.mpu_reg18.attr_index.atrr0"/>
      <property id="config.bsp.fsp.cpu.mpu_reg18.region_enable" value="config.bsp.fsp.cpu.mpu_reg18.region_enable.disable"/>
      <property id="config.bsp.fsp.cpu.mpu_reg19.name" value="Not Used"/>
      <property id="config.bsp.fsp.cpu.mpu_reg19.base" value="0x00000000"/>
      <property id="config.bsp.fsp.cpu.mpu_reg19.limit" value="0x00000000"/>
      <property id="config.bsp.fsp.cpu.mpu_reg19.sh" value="config.bsp.fsp.cpu.mpu_reg19.sh.non-shareable"/>
      <property id="config.bsp.fsp.cpu.mpu_reg19.ap" value="config.bsp.fsp.cpu.mpu_reg19.ap.rw_none"/>
      <property id="config.bsp.fsp.cpu.mpu_reg19.xn" value="config.bsp.fsp.cpu.mpu_reg19.xn.execute_enable"/>
      <property id="config.bsp.fsp.cpu.mpu_reg19.attr_index" value="config.bsp.fsp.cpu.mpu_reg19.attr_index.atrr0"/>
      <property id="config.bsp.fsp.cpu.mpu_reg19.region_enable" value="config.bsp.fsp.cpu.mpu_reg19.region_enable.disable"/>
      <property id="config.bsp.fsp.cpu.mpu_reg20.name" value="Not Used"/>
      <property id="config.bsp.fsp.cpu.mpu_reg20.base" value="0x00000000"/>
      <property id="config.bsp.fsp.cpu.mpu_reg20.limit" value="0x00000000"/>
      <property id="config.bsp.fsp.cpu.mpu_reg20.sh" value="config.bsp.fsp.cpu.mpu_reg20.sh.non-shareable"/>
      <property id="config.bsp.fsp.cpu.mpu_reg20.ap" value="config.bsp.fsp.cpu.mpu_reg20.ap.rw_none"/>
      <property id="config.bsp.fsp.cpu.mpu_reg20.xn" value="config.bsp.fsp.cpu.mpu_reg20.xn.execute_enable"/>
      <property id="config.bsp.fsp.cpu.mpu_reg20.attr_index" value="config.bsp.fsp.cpu.mpu_reg20.attr_index.atrr0"/>
      <property id="config.bsp.fsp.cpu.mpu_reg20.region_enable" value="config.bsp.fsp.cpu.mpu_reg20.region_enable.disable"/>
      <property id="config.bsp.fsp.cpu.mpu_reg21.name" value="Not Used"/>
      <property id="config.bsp.fsp.cpu.mpu_reg21.base" value="0x00000000"/>
      <property id="config.bsp.fsp.cpu.mpu_reg21.limit" value="0x00000000"/>
      <property id="config.bsp.fsp.cpu.mpu_reg21.sh" value="config.bsp.fsp.cpu.mpu_reg21.sh.non-shareable"/>
      <property id="config.bsp.fsp.cpu.mpu_reg21.ap" value="config.bsp.fsp.cpu.mpu_reg21.ap.rw_none"/>
      <property id="config.bsp.fsp.cpu.mpu_reg21.xn" value="config.bsp.fsp.cpu.mpu_reg21.xn.execute_enable"/>
      <property id="config.bsp.fsp.cpu.mpu_reg21.attr_index" value="config.bsp.fsp.cpu.mpu_reg21.attr_index.atrr0"/>
      <property id="config.bsp.fsp.cpu.mpu_reg21.region_enable" value="config.bsp.fsp.cpu.mpu_reg21.region_enable.disable"/>
      <property id="config.bsp.fsp.cpu.mpu_reg22.name" value="Not Used"/>
      <property id="config.bsp.fsp.cpu.mpu_reg22.base" value="0x00000000"/>
      <property id="config.bsp.fsp.cpu.mpu_reg22.limit" value="0x00000000"/>
      <property id="config.bsp.fsp.cpu.mpu_reg22.sh" value="config.bsp.fsp.cpu.mpu_reg22.sh.non-shareable"/>
      <property id="config.bsp.fsp.cpu.mpu_reg22.ap" value="config.bsp.fsp.cpu.mpu_reg22.ap.rw_none"/>
      <property id="config.bsp.fsp.cpu.mpu_reg22.xn" value="config.bsp.fsp.cpu.mpu_reg22.xn.execute_enable"/>
      <property id="config.bsp.fsp.cpu.mpu_reg22.attr_index" value="config.bsp.fsp.cpu.mpu_reg22.attr_index.atrr0"/>
      <property id="config.bsp.fsp.cpu.mpu_reg22.region_enable" value="config.bsp.fsp.cpu.mpu_reg22.region_enable.disable"/>
      <property id="config.bsp.fsp.cpu.mpu_reg23.name" value="Not Used"/>
      <property id="config.bsp.fsp.cpu.mpu_reg23.base" value="0x00000000"/>
      <property id="config.bsp.fsp.cpu.mpu_reg23.limit" value="0x00000000"/>
      <property id="config.bsp.fsp.cpu.mpu_reg23.sh" value="config.bsp.fsp.cpu.mpu_reg23.sh.non-shareable"/>
      <property id="config.bsp.fsp.cpu.mpu_reg23.ap" value="config.bsp.fsp.cpu.mpu_reg23.ap.rw_none"/>
      <property id="config.bsp.fsp.cpu.mpu_reg23.xn" value="config.bsp.fsp.cpu.mpu_reg23.xn.execute_enable"/>
      <property id="config.bsp.fsp.cpu.mpu_reg23.attr_index" value="config.bsp.fsp.cpu.mpu_reg23.attr_index.atrr0"/>
      <property id="config.bsp.fsp.cpu.mpu_reg23.region_enable" value="config.bsp.fsp.cpu.mpu_reg23.region_enable.disable"/>
      <property id="config.bsp.fsp.cpu.mpu_reg.br" value="config.bsp.fsp.cpu.mpu_reg.br.disabled"/>
      <property id="config.bsp.fsp.cpu.mpu_reg.i" value="config.bsp.fsp.cpu.mpu_reg.i.enabled"/>
      <property id="config.bsp.fsp.cpu.mpu_reg.c" value="config.bsp.fsp.cpu.mpu_reg.c.enabled"/>
    </config>
    <config id="config.bsp.rzn2l">
      <property id="config.bsp.common.fiq" value="0x400"/>
      <property id="config.bsp.common.irq" value="0x400"/>
      <property id="config.bsp.common.abt" value="0x400"/>
      <property id="config.bsp.common.und" value="0x400"/>
      <property id="config.bsp.common.sys" value="0x400"/>
      <property id="config.bsp.common.svc" value="0x400"/>
      <property id="config.bsp.common.heap" value="0x2000"/>
      <property id="config.bsp.common.c_runtime_init" value="config.bsp.common.c_runtime_init.enabled"/>
      <property id="config.bsp.common.tfu_mathlib" value="config.bsp.common.tfu_mathlib.enabled"/>
    </config>
    <config id="config.bsp.rzn2l.fsp">
      <property id="config.bsp.fsp.mcu.sci_uart.ctspen_channels" value="0x03F"/>
      <property id="config.bsp.fsp.mcu.sci_uart.max_baud" value="16000000"/>
      <property id="config.bsp.fsp.mcu.sci_spi.max_bitrate" value="37500000"/>
      <property id="config.bsp.fsp.mcu.spi.max_bitrate" value="50000000"/>
      <property id="config.bsp.fsp.mcu.adc.sample_and_hold" value="1"/>
    </config>
    <config id="config.bsp.rz">
      <property id="config.bsp.common.vcc" value="3300"/>
      <property id="config.bsp.common.checking" value="config.bsp.common.checking.disabled"/>
      <property id="config.bsp.common.assert" value="config.bsp.common.assert.none"/>
      <property id="config.bsp.common.error_log" value="config.bsp.common.error_log.none"/>
      <property id="config.bsp.common.soft_reset" value="config.bsp.common.soft_reset.disabled"/>
      <property id="config.bsp.common.port_protect" value="config.bsp.common.port_protect.enabled"/>
      <property id="config.bsp.common.early_init" value="config.bsp.common.early_init.disabled"/>
      <property id="config.bsp.common.multiplex_interrupt" value="config.bsp.common.multiplex_interrupt.disabled"/>
    </config>
  </raBspConfiguration>
  <raClockConfiguration>
    <node id="board.clock.main.freq" option="board.clock.main.freq.25m"/>
    <node id="board.clock.loco.enable" option="board.clock.loco.enable.enabled"/>
    <node id="board.clock.pll0.display" option="board.clock.pll0.display.value"/>
    <node id="board.clock.pll1" option="board.clock.pll1.initial"/>
    <node id="board.clock.pll1.display" option="board.clock.pll1.display.value"/>
    <node id="board.clock.ethernet.source" option="board.clock.ethernet.source.main"/>
    <node id="board.clock.reference.display" option="board.clock.reference.display.value"/>
    <node id="board.clock.loco.freq" option="board.clock.loco.freq.240k"/>
    <node id="board.clock.clma0.enable" option="board.clock.clma0.enable.enabled"/>
    <node id="board.clock.clma0.error" option="board.clock.clma0.error.not_mask"/>
    <node id="board.clock.clma3.error" option="board.clock.clma3.error.not_mask"/>
    <node id="board.clock.clma1.error" option="board.clock.clma1.error.mask"/>
    <node id="board.clock.clma3.enable" option="board.clock.clma3.enable.enabled"/>
    <node id="board.clock.clma1.enable" option="board.clock.clma1.enable.enabled"/>
    <node id="board.clock.clma2.enable" option="board.clock.clma2.enable.enabled"/>
    <node id="board.clock.clma0.cmpl" mul="1" option="_edit"/>
    <node id="board.clock.clma1.cmpl" mul="1" option="_edit"/>
    <node id="board.clock.clma2.cmpl" mul="1" option="_edit"/>
    <node id="board.clock.clma3.cmpl" mul="1" option="_edit"/>
    <node id="board.clock.alternative.source" option="board.clock.alternative.source.loco"/>
    <node id="board.clock.clma0.cmph" mul="1023" option="_edit"/>
    <node id="board.clock.clma1.cmph" mul="1023" option="_edit"/>
    <node id="board.clock.clma2.cmph" mul="1023" option="_edit"/>
    <node id="board.clock.clma3.cmph" mul="1023" option="_edit"/>
    <node id="board.clock.iclk.freq" option="board.clock.iclk.freq.200m"/>
    <node id="board.clock.cpu0clk.mul" option="board.clock.cpu0clk.mul.2"/>
    <node id="board.clock.cpu0clk.display" option="board.clock.cpu0clk.display.value"/>
    <node id="board.clock.ckio.div" option="board.clock.ckio.div.4"/>
    <node id="board.clock.ckio.display" option="board.clock.ckio.display.value"/>
    <node id="board.clock.sci0asyncclk.sel" option="board.clock.sci0asyncclk.sel.1"/>
    <node id="board.clock.sci1asyncclk.sel" option="board.clock.sci1asyncclk.sel.1"/>
    <node id="board.clock.sci2asyncclk.sel" option="board.clock.sci2asyncclk.sel.1"/>
    <node id="board.clock.sci3asyncclk.sel" option="board.clock.sci3asyncclk.sel.1"/>
    <node id="board.clock.sci4asyncclk.sel" option="board.clock.sci4asyncclk.sel.1"/>
    <node id="board.clock.sci5asyncclk.sel" option="board.clock.sci5asyncclk.sel.1"/>
    <node id="board.clock.spi0asyncclk.sel" option="board.clock.spi0asyncclk.sel.1"/>
    <node id="board.clock.spi1asyncclk.sel" option="board.clock.spi1asyncclk.sel.1"/>
    <node id="board.clock.spi2asyncclk.sel" option="board.clock.spi2asyncclk.sel.1"/>
    <node id="board.clock.spi3asyncclk.sel" option="board.clock.spi3asyncclk.sel.1"/>
    <node id="board.clock.pclkshost.display" option="board.clock.pclkshost.display.value"/>
    <node id="board.clock.pclkgptl.display" option="board.clock.pclkgptl.display.value"/>
    <node id="board.clock.pclkh.display" option="board.clock.pclkh.display.value"/>
    <node id="board.clock.pclkm.display" option="board.clock.pclkm.display.value"/>
    <node id="board.clock.pclkl.display" option="board.clock.pclkl.display.value"/>
    <node id="board.clock.pclkadc.display" option="board.clock.pclkadc.display.value"/>
    <node id="board.clock.pclkcan.freq" option="board.clock.pclkcan.freq.40m"/>
    <node id="board.clock.xspi.clk0.freq" option="board.clock.xspi.clk0.freq.12m"/>
    <node id="board.clock.xspi.clk1.freq" option="board.clock.xspi.clk1.freq.12m"/>
    <node id="board.clock.tclk.freq" option="board.clock.tclk.freq.100m"/>
  </raClockConfiguration>
  <raComponentSelection>
    <component apiversion="" class="Common" condition="" group="all" subgroup="fsp_common" variant="" vendor="Renesas" version="2.0.0">
      <description>Board Support Package Common Files</description>
      <originalPack>Renesas.RZN.2.0.0.pack</originalPack>
    </component>
    <component apiversion="" class="BSP" condition="" group="all" subgroup="Memory" variant="" vendor="Renesas" version="2.0.0">
      <description>Memory Config Checking</description>
      <originalPack>Renesas.RZN.2.0.0.pack</originalPack>
    </component>
    <component apiversion="" class="HAL Drivers" condition="" group="all" subgroup="r_ioport" variant="" vendor="Renesas" version="2.0.0">
      <description>I/O Port</description>
      <originalPack>Renesas.RZN.2.0.0.pack</originalPack>
    </component>
    <component apiversion="" class="BSP" condition="" group="Board" subgroup="rzn2l_custom" variant="xspi0_x1_boot" vendor="Renesas" version="2.0.0">
      <description>RZN2L Custom Board Support Files (xSPI0 x1 boot mode)</description>
      <originalPack>Renesas.RZN2L_board_custom.2.0.0.pack</originalPack>
    </component>
    <component apiversion="" class="CMSIS" condition="" group="CMSIS5" subgroup="Core" variant="" vendor="Arm" version="5.7.0+renesas.1.fsp.2.0.0">
      <description>Arm CMSIS Version 5 - Core</description>
      <originalPack>Arm.CMSIS5.5.7.0+renesas.1.fsp.2.0.0.pack</originalPack>
    </component>
    <component apiversion="" class="BSP" condition="" group="rzn2l" subgroup="device" variant="R9A07G084M04GBG" vendor="Renesas" version="2.0.0">
      <description>Board support package for R9A07G084M04GBG</description>
      <originalPack>Renesas.RZN_mcu_rzn2l.2.0.0.pack</originalPack>
    </component>
    <component apiversion="" class="BSP" condition="" group="rzn2l" subgroup="device" variant="" vendor="Renesas" version="2.0.0">
      <description>Board support package for RZN2L</description>
      <originalPack>Renesas.RZN_mcu_rzn2l.2.0.0.pack</originalPack>
    </component>
    <component apiversion="" class="BSP" condition="" group="rzn2l" subgroup="fsp" variant="" vendor="Renesas" version="2.0.0">
      <description>Board support package for RZN2L - FSP Data</description>
      <originalPack>Renesas.RZN_mcu_rzn2l.2.0.0.pack</originalPack>
    </component>
    <component apiversion="" class="HAL Drivers" condition="" group="all" subgroup="r_icu_error" variant="" vendor="Renesas" version="2.0.0">
      <description>ICU ERROR</description>
      <originalPack>Renesas.RZN.2.0.0.pack</originalPack>
    </component>
    <component apiversion="" class="HAL Drivers" condition="" group="all" subgroup="r_wdt" variant="" vendor="Renesas" version="2.0.0">
      <description>Watchdog Timer</description>
      <originalPack>Renesas.RZN.2.0.0.pack</originalPack>
    </component>
  </raComponentSelection>
  <raElcConfiguration/>
  <raIcuConfiguration/>
  <raModuleConfiguration>
    <module id="module.driver.ioport_on_ioport.0">
      <property id="module.driver.ioport.name" value="g_ioport"/>
      <property id="module.driver.ioport.elc_trigger_output_group1" value="_disabled"/>
      <property id="module.driver.ioport.port_select_output_group1" value=""/>
      <property id="module.driver.ioport.operation_output_group1" value="Low output"/>
      <property id="module.driver.ioport.elc_trigger_output_group2" value="_disabled"/>
      <property id="module.driver.ioport.port_select_output_group2" value=""/>
      <property id="module.driver.ioport.operation_output_group2" value="Low output"/>
      <property id="module.driver.ioport.elc_trigger_input_group1" value="_disabled"/>
      <property id="module.driver.ioport.event_control_input_group1" value="Disabled"/>
      <property id="module.driver.ioport.port_select_input_group1" value=""/>
      <property id="module.driver.ioport.edge_detect_input_group1" value="Rising edge"/>
      <property id="module.driver.ioport.buffer_overwrite_input_group1" value="Disabled"/>
      <property id="module.driver.ioport.p16_0_initial_value_input_group1" value="Low input"/>
      <property id="module.driver.ioport.p16_1_initial_value_input_group1" value="Low input"/>
      <property id="module.driver.ioport.p16_2_initial_value_input_group1" value="Low input"/>
      <property id="module.driver.ioport.p16_3_initial_value_input_group1" value="Low input"/>
      <property id="module.driver.ioport.p16_5_initial_value_input_group1" value="Low input"/>
      <property id="module.driver.ioport.p16_6_initial_value_input_group1" value="Low input"/>
      <property id="module.driver.ioport.p16_7_initial_value_input_group1" value="Low input"/>
      <property id="module.driver.ioport.elc_trigger_input_group2" value="_disabled"/>
      <property id="module.driver.ioport.event_control_input_group2" value="Disabled"/>
      <property id="module.driver.ioport.port_select_input_group2" value=""/>
      <property id="module.driver.ioport.edge_detect_input_group2" value="Rising edge"/>
      <property id="module.driver.ioport.buffer_overwrite_input_group2" value="Disabled"/>
      <property id="module.driver.ioport.p18_0_initial_value_input_group2" value="Low input"/>
      <property id="module.driver.ioport.p18_1_initial_value_input_group2" value="Low input"/>
      <property id="module.driver.ioport.p18_2_initial_value_input_group2" value="Low input"/>
      <property id="module.driver.ioport.p18_3_initial_value_input_group2" value="Low input"/>
      <property id="module.driver.ioport.p18_4_initial_value_input_group2" value="Low input"/>
      <property id="module.driver.ioport.p18_5_initial_value_input_group2" value="Low input"/>
      <property id="module.driver.ioport.p18_6_initial_value_input_group2" value="Low input"/>
      <property id="module.driver.ioport.event_control_single_port0" value="Disabled"/>
      <property id="module.driver.ioport.event_direction_single_port0" value="Output direction"/>
      <property id="module.driver.ioport.port_number_single_port0" value="P16_0"/>
      <property id="module.driver.ioport.elc_trigger_single_output_port0" value="_disabled"/>
      <property id="module.driver.ioport.operation_single_output_port0" value="Low output"/>
      <property id="module.driver.ioport.edge_detect_single_output_port0" value="Rising edge"/>
      <property id="module.driver.ioport.event_control_single_port1" value="Disabled"/>
      <property id="module.driver.ioport.event_direction_single_port1" value="Output direction"/>
      <property id="module.driver.ioport.port_number_single_port1" value="P16_0"/>
      <property id="module.driver.ioport.elc_trigger_single_output_port1" value="_disabled"/>
      <property id="module.driver.ioport.operation_single_output_port1" value="Low output"/>
      <property id="module.driver.ioport.edge_detect_single_output_port1" value="Rising edge"/>
      <property id="module.driver.ioport.event_control_single_port2" value="Disabled"/>
      <property id="module.driver.ioport.event_direction_single_port2" value="Output direction"/>
      <property id="module.driver.ioport.port_number_single_port2" value="P16_0"/>
      <property id="module.driver.ioport.elc_trigger_single_output_port2" value="_disabled"/>
      <property id="module.driver.ioport.operation_single_output_port2" value="Low output"/>
      <property id="module.driver.ioport.edge_detect_single_output_port2" value="Rising edge"/>
      <property id="module.driver.ioport.event_control_single_port3" value="Disabled"/>
      <property id="module.driver.ioport.event_direction_single_port3" value="Output direction"/>
      <property id="module.driver.ioport.port_number_single_port3" value="P16_0"/>
      <property id="module.driver.ioport.elc_trigger_single_output_port3" value="_disabled"/>
      <property id="module.driver.ioport.operation_single_output_port3" value="Low output"/>
      <property id="module.driver.ioport.edge_detect_single_output_port3" value="Rising edge"/>
    </module>
    <module id="module.bsp.memory_config.0"/>
    <module id="module.driver.watchdog_on_wdt.816303786">
      <property id="module.driver.watchdog.name" value="g_wdt0"/>
      <property id="module.driver.watchdog.timeout" value="module.driver.watchdog.timeout.16384"/>
      <property id="module.driver.watchdog.clock_division" value="module.driver.watchdog.clock_division.8192"/>
      <property id="module.driver.watchdog.window_start" value="module.driver.watchdog.window_start.100"/>
      <property id="module.driver.watchdog.window_end" value="module.driver.watchdog.window_end.0"/>
      <property id="module.driver.watchdog.wdt_callback" value="NULL"/>
    </module>
    <module id="module.driver.error_on_icu_error.42203926">
      <property id="module.driver.error.name" value="g_error0"/>
      <property id="module.driver.error.cpu0_err0_ipl" value="_disabled"/>
      <property id="module.driver.error.cpu0_err1_ipl" value="_disabled"/>
      <property id="module.driver.error.peri_err0_ipl" value="board.icu.common.irq.priority0"/>
      <property id="module.driver.error.peri_err1_ipl" value="_disabled"/>
      <property id="module.driver.error.p_callback" value="NULL"/>
      <property id="module.driver.error.cpu0_err0_event_enable" value=""/>
      <property id="module.driver.error.cpu0_err1_event_enable" value=""/>
      <property id="module.driver.error.cpu0_reset_enable" value="module.driver.error.cpu0_error_event.7"/>
      <property id="module.driver.error.peri_err0_event_0_enable" value=""/>
      <property id="module.driver.error.peri_err0_event_1_enable" value=""/>
      <property id="module.driver.error.peri_err1_event_0_enable" value=""/>
      <property id="module.driver.error.peri_err1_event_1_enable" value=""/>
      <property id="module.driver.error.peri_reset_event_0_enable" value="module.driver.error.peri_error_event.7"/>
      <property id="module.driver.error.peri_reset_event_1_enable" value=""/>
      <property id="module.driver.error.peripheral_event_0_error0_handler" value="NULL"/>
      <property id="module.driver.error.peripheral_event_0_error1_handler" value="NULL"/>
      <property id="module.driver.error.peripheral_event_0_error2_handler" value="NULL"/>
      <property id="module.driver.error.peripheral_event_0_error3_handler" value="NULL"/>
      <property id="module.driver.error.peripheral_event_0_error4_handler" value="bsc_wto_int_isr"/>
      <property id="module.driver.error.peripheral_event_0_error5_handler" value="dmac_err_int_isr"/>
      <property id="module.driver.error.peripheral_event_0_error6_handler" value="dmac_err_int_isr"/>
      <property id="module.driver.error.peripheral_event_0_error7_handler" value="wdt_underflow_isr"/>
      <property id="module.driver.error.peripheral_event_0_error8_handler" value="NULL"/>
      <property id="module.driver.error.peripheral_event_0_error9_handler" value="NULL"/>
      <property id="module.driver.error.peripheral_event_0_error10_handler" value="NULL"/>
      <property id="module.driver.error.peripheral_event_0_error11_handler" value="NULL"/>
      <property id="module.driver.error.peripheral_event_0_error12_handler" value="NULL"/>
      <property id="module.driver.error.peripheral_event_0_error13_handler" value="NULL"/>
      <property id="module.driver.error.peripheral_event_0_error14_handler" value="NULL"/>
      <property id="module.driver.error.peripheral_event_0_error15_handler" value="NULL"/>
      <property id="module.driver.error.peripheral_event_0_error16_handler" value="NULL"/>
      <property id="module.driver.error.peripheral_event_0_error17_handler" value="NULL"/>
      <property id="module.driver.error.peripheral_event_0_error18_handler" value="NULL"/>
      <property id="module.driver.error.peripheral_event_0_error19_handler" value="NULL"/>
      <property id="module.driver.error.peripheral_event_0_error20_handler" value="NULL"/>
      <property id="module.driver.error.peripheral_event_0_error21_handler" value="NULL"/>
      <property id="module.driver.error.peripheral_event_0_error22_handler" value="NULL"/>
      <property id="module.driver.error.peripheral_event_0_error23_handler" value="NULL"/>
      <property id="module.driver.error.peripheral_event_0_error24_handler" value="NULL"/>
      <property id="module.driver.error.peripheral_event_0_error25_handler" value="NULL"/>
      <property id="module.driver.error.peripheral_event_0_error26_handler" value="NULL"/>
      <property id="module.driver.error.peripheral_event_0_error27_handler" value="NULL"/>
      <property id="module.driver.error.peripheral_event_0_error28_handler" value="NULL"/>
      <property id="module.driver.error.peripheral_event_0_error29_handler" value="NULL"/>
      <property id="module.driver.error.peripheral_event_0_error30_handler" value="NULL"/>
      <property id="module.driver.error.peripheral_event_0_error31_handler" value="NULL"/>
      <property id="module.driver.error.peripheral_event_1_error0_handler" value="doc_int_isr"/>
      <property id="module.driver.error.peripheral_event_1_error1_handler" value="NULL"/>
      <property id="module.driver.error.peripheral_event_1_error2_handler" value="NULL"/>
      <property id="module.driver.error.peripheral_event_1_error3_handler" value="NULL"/>
      <property id="module.driver.error.peripheral_event_1_error4_handler" value="NULL"/>
      <property id="module.driver.error.peripheral_event_1_error5_handler" value="NULL"/>
      <property id="module.driver.error.peripheral_event_1_error6_handler" value="NULL"/>
      <property id="module.driver.error.peripheral_event_1_error7_handler" value="NULL"/>
      <property id="module.driver.error.peripheral_event_1_error8_handler" value="NULL"/>
      <property id="module.driver.error.peripheral_event_1_error9_handler" value="NULL"/>
      <property id="module.driver.error.peripheral_event_1_error10_handler" value="NULL"/>
      <property id="module.driver.error.peripheral_event_1_error11_handler" value="NULL"/>
      <property id="module.driver.error.peripheral_event_1_error12_handler" value="NULL"/>
      <property id="module.driver.error.peripheral_event_1_error13_handler" value="NULL"/>
      <property id="module.driver.error.peripheral_event_1_error14_handler" value="NULL"/>
      <property id="module.driver.error.peripheral_event_1_error15_handler" value="NULL"/>
      <property id="module.driver.error.peripheral_event_1_error16_handler" value="NULL"/>
      <property id="module.driver.error.peripheral_event_1_error17_handler" value="NULL"/>
      <property id="module.driver.error.peripheral_event_1_error18_handler" value="NULL"/>
      <property id="module.driver.error.peripheral_event_1_error19_handler" value="NULL"/>
      <property id="module.driver.error.peripheral_event_1_error20_handler" value="NULL"/>
      <property id="module.driver.error.peripheral_event_1_error21_handler" value="NULL"/>
      <property id="module.driver.error.peripheral_event_1_error22_handler" value="NULL"/>
      <property id="module.driver.error.peripheral_event_1_error23_handler" value="NULL"/>
      <property id="module.driver.error.peripheral_event_1_error24_handler" value="NULL"/>
      <property id="module.driver.error.peripheral_event_1_error27_handler" value="NULL"/>
      <property id="module.driver.error.peripheral_event_1_error28_handler" value="NULL"/>
      <property id="module.driver.error.peripheral_event_1_error29_handler" value="NULL"/>
      <property id="module.driver.error.peripheral_event_1_error30_handler" value="NULL"/>
      <property id="module.driver.error.peripheral_event_1_error31_handler" value="NULL"/>
    </module>
    <context id="_hal.0">
      <stack module="module.driver.ioport_on_ioport.0"/>
      <stack module="module.bsp.memory_config.0"/>
      <stack module="module.driver.watchdog_on_wdt.816303786"/>
      <stack module="module.driver.error_on_icu_error.42203926"/>
    </context>
    <config id="config.driver.wdt">
      <property id="config.driver.wdt.param_checking_enable" value="config.driver.wdt.param_checking_enable.bsp"/>
      <property id="config.driver.wdt.multiplex_interrupt" value="config.driver.wdt.multiplex_interrupt.disabled"/>
    </config>
    <config id="config.driver.icu_error">
      <property id="config.driver.icu_error.param_checking_enable" value="config.driver.icu_error.param_checking_enable.bsp"/>
      <property id="config.driver.icu_error.multiplex_interrupt" value="config.driver.icu_error.multiplex_interrupt.disabled"/>
    </config>
    <config id="config.bsp.memory_config">
      <property id="config.bsp.memory_config.mpu_type" value="config.bsp.memory_config.mpu_type.mpu"/>
    </config>
    <config id="config.driver.ioport">
      <property id="config.driver.ioport.checking" value="config.driver.ioport.checking.system"/>
    </config>
  </raModuleConfiguration>
  <raPinConfiguration>
    <pincfg active="true" name="R9A07G084M04GBG.pincfg" selected="true" symbol="g_bsp_pin_cfg">
      <configSetting altId="jtag_fslash_swd.mode.jtag.free" configurationId="jtag_fslash_swd.mode"/>
      <configSetting altId="jtag_fslash_swd.tck_swclk.p02_7" configurationId="jtag_fslash_swd.tck_swclk"/>
      <configSetting altId="jtag_fslash_swd.tdi.p02_5" configurationId="jtag_fslash_swd.tdi"/>
      <configSetting altId="jtag_fslash_swd.tdo.p02_4" configurationId="jtag_fslash_swd.tdo"/>
      <configSetting altId="jtag_fslash_swd.tms_swdio.p02_6" configurationId="jtag_fslash_swd.tms_swdio"/>
      <configSetting altId="p02_4.jtag_fslash_swd.tdo" configurationId="p02_4"/>
      <configSetting altId="p02_4.gpio_speed.gpio_speed_high" configurationId="p02_4.gpio_drivecapacity"/>
      <configSetting altId="p02_4.gpio_mode.gpio_mode_peripheral" configurationId="p02_4.gpio_mode"/>
      <configSetting altId="p02_4.sr.sr.fast" configurationId="p02_4.sr"/>
      <configSetting altId="p02_5.jtag_fslash_swd.tdi" configurationId="p02_5"/>
      <configSetting altId="p02_5.gpio_mode.gpio_mode_peripheral" configurationId="p02_5.gpio_mode"/>
      <configSetting altId="p02_6.jtag_fslash_swd.tms_swdio" configurationId="p02_6"/>
      <configSetting altId="p02_6.gpio_speed.gpio_speed_high" configurationId="p02_6.gpio_drivecapacity"/>
      <configSetting altId="p02_6.gpio_mode.gpio_mode_peripheral" configurationId="p02_6.gpio_mode"/>
      <configSetting altId="p02_6.sr.sr.fast" configurationId="p02_6.sr"/>
      <configSetting altId="p02_7.jtag_fslash_swd.tck_swclk" configurationId="p02_7"/>
      <configSetting altId="p02_7.gpio_mode.gpio_mode_peripheral" configurationId="p02_7.gpio_mode"/>
      <configSetting altId="p14_0.output.low" configurationId="p14_0"/>
      <configSetting altId="p14_0.gpio_mode.gpio_mode_out.low" configurationId="p14_0.gpio_mode"/>
      <configSetting altId="p14_1.output.low" configurationId="p14_1"/>
      <configSetting altId="p14_1.gpio_mode.gpio_mode_out.low" configurationId="p14_1.gpio_mode"/>
      <configSetting altId="p14_3.output.high" configurationId="p14_3"/>
      <configSetting altId="p14_3.gpio_mode.gpio_mode_out.high" configurationId="p14_3.gpio_mode"/>
      <configSetting altId="p14_6.xspi0.xspi0_ckp" configurationId="p14_6"/>
      <configSetting altId="p14_6.gpio_speed.gpio_speed_high" configurationId="p14_6.gpio_drivecapacity"/>
      <configSetting altId="p14_6.gpio_mode.gpio_mode_peripheral" configurationId="p14_6.gpio_mode"/>
      <configSetting altId="p14_6.sr.sr.fast" configurationId="p14_6.sr"/>
      <configSetting altId="p14_7.xspi0.xspi0_io0" configurationId="p14_7"/>
      <configSetting altId="p14_7.gpio_speed.gpio_speed_high" configurationId="p14_7.gpio_drivecapacity"/>
      <configSetting altId="p14_7.gpio_mode.gpio_mode_peripheral" configurationId="p14_7.gpio_mode"/>
      <configSetting altId="p14_7.sr.sr.fast" configurationId="p14_7.sr"/>
      <configSetting altId="p15_0.xspi0.xspi0_io1" configurationId="p15_0"/>
      <configSetting altId="p15_0.gpio_speed.gpio_speed_high" configurationId="p15_0.gpio_drivecapacity"/>
      <configSetting altId="p15_0.gpio_mode.gpio_mode_peripheral" configurationId="p15_0.gpio_mode"/>
      <configSetting altId="p15_0.sr.sr.fast" configurationId="p15_0.sr"/>
      <configSetting altId="p15_7.xspi0.xspi0_cs0_hash" configurationId="p15_7"/>
      <configSetting altId="p15_7.gpio_speed.gpio_speed_high" configurationId="p15_7.gpio_drivecapacity"/>
      <configSetting altId="p15_7.gpio_mode.gpio_mode_peripheral" configurationId="p15_7.gpio_mode"/>
      <configSetting altId="p15_7.sr.sr.fast" configurationId="p15_7.sr"/>
      <configSetting altId="xspi0.mode.custom_40_1.8v_41.free" configurationId="xspi0.mode"/>
      <configSetting altId="xspi0.xspi0_ckp.p14_6" configurationId="xspi0.xspi0_ckp"/>
      <configSetting altId="xspi0.xspi0_cs0_hash.p15_7" configurationId="xspi0.xspi0_cs0_hash"/>
      <configSetting altId="xspi0.xspi0_io0.p14_7" configurationId="xspi0.xspi0_io0"/>
      <configSetting altId="xspi0.xspi0_io1.p15_0" configurationId="xspi0.xspi0_io1"/>
    </pincfg>
  </raPinConfiguration>
</raConfiguration>
